id,name
15d6c9cf-8df9-4ba1-8194-9bfc96095326,Player_15d6c9cf-8df9-4ba1-8194-9bfc96095326
f66a2fb5-d908-4322-82ee-30ce5dea73c7,Player_f66a2fb5-d908-4322-82ee-30ce5dea73c7
91c6badd-c3ae-46f8-b3cf-5fb98370c474,Player_91c6badd-c3ae-46f8-b3cf-5fb98370c474
1023c52a-11d6-45b0-a274-56b64474b18b,Player_1023c52a-11d6-45b0-a274-56b64474b18b
a8f19ffa-bf4a-4e91-acd0-4990662f2ad3,Player_a8f19ffa-bf4a-4e91-acd0-4990662f2ad3
0ce86fa3-6be1-4785-8e4e-7e5ba88b1da6,Player_0ce86fa3-6be1-4785-8e4e-7e5ba88b1da6
41f32446-6902-4861-b97e-e2889ebd21f6,Player_41f32446-6902-4861-b97e-e2889ebd21f6
c35bc86b-6a67-4df2-894e-34c6c399d805,Player_c35bc86b-6a67-4df2-894e-34c6c399d805
7409377b-83e8-4a5d-ba20-13ccd78d77e3,Player_7409377b-83e8-4a5d-ba20-13ccd78d77e3
c219aaa8-87ee-4b4b-a648-7f3a55561514,Player_c219aaa8-87ee-4b4b-a648-7f3a55561514
b23ba147-c9ee-46e7-b255-7002943e9ffd,Player_b23ba147-c9ee-46e7-b255-7002943e9ffd
6a303bd4-aea2-4660-afea-8dc440017e1e,Player_6a303bd4-aea2-4660-afea-8dc440017e1e
c452f270-3bfc-4719-bf34-90b982522c77,Player_c452f270-3bfc-4719-bf34-90b982522c77
a8193aba-d88d-4647-ad89-dc54aac9ed79,Player_a8193aba-d88d-4647-ad89-dc54aac9ed79
01fc6e38-ed52-44fe-86b4-1c89a63d0229,Player_01fc6e38-ed52-44fe-86b4-1c89a63d0229
c54c9bb6-86a0-43a5-9157-7261df75bb15,Player_c54c9bb6-86a0-43a5-9157-7261df75bb15
ea140128-3cc7-4f8b-bfa1-aa525a607a96,Player_ea140128-3cc7-4f8b-bfa1-aa525a607a96
ebdbbe19-e0a7-4654-bc2c-367c43357efd,Player_ebdbbe19-e0a7-4654-bc2c-367c43357efd
e4db3bb8-3474-4d63-8a2a-d88c5b46dd57,Player_e4db3bb8-3474-4d63-8a2a-d88c5b46dd57
6abccfc2-c9f4-4c17-86a4-3d14daa07013,Player_6abccfc2-c9f4-4c17-86a4-3d14daa07013
07f8ae72-facb-44e6-9717-41a93978f292,Player_07f8ae72-facb-44e6-9717-41a93978f292
d014c287-61c4-4a6b-90b0-6f52f8308206,Player_d014c287-61c4-4a6b-90b0-6f52f8308206
edb3bc54-fd0f-4434-b096-dd8026c37f47,Player_edb3bc54-fd0f-4434-b096-dd8026c37f47
d3614548-3fcb-4c83-a8cf-ca440c651df2,Player_d3614548-3fcb-4c83-a8cf-ca440c651df2
6d2083e4-963a-4e4f-acba-6a2b16b26a34,Player_6d2083e4-963a-4e4f-acba-6a2b16b26a34
8780c61a-0d35-4fbc-aec7-9af8fc9044c1,Player_8780c61a-0d35-4fbc-aec7-9af8fc9044c1
d68266a8-10e2-4947-a916-872844b08ebf,Player_d68266a8-10e2-4947-a916-872844b08ebf
9af3c604-59b4-4e34-90d1-8ce5f135b467,Player_9af3c604-59b4-4e34-90d1-8ce5f135b467
1f840005-a05b-41cf-9a91-a99530199f38,Player_1f840005-a05b-41cf-9a91-a99530199f38
9c4991b8-a96a-41a0-b848-48740a89862d,Player_9c4991b8-a96a-41a0-b848-48740a89862d
481a417e-2a7a-4993-b108-45e798fdf370,Player_481a417e-2a7a-4993-b108-45e798fdf370
26905423-8849-465b-a807-4e14837e2924,Player_26905423-8849-465b-a807-4e14837e2924
7897ebe2-d852-44cb-a2f8-377ccf07a4fd,Player_7897ebe2-d852-44cb-a2f8-377ccf07a4fd
a6373863-fc55-489f-aef1-5f2f2cd18097,Player_a6373863-fc55-489f-aef1-5f2f2cd18097
701fc7fc-51cb-4447-bae1-ed63c43fdc94,Player_701fc7fc-51cb-4447-bae1-ed63c43fdc94
b2a2406f-1569-4198-a8b3-17a8c915e908,Player_b2a2406f-1569-4198-a8b3-17a8c915e908
327dcb01-efbf-477d-a0a8-aeb68b94d725,Player_327dcb01-efbf-477d-a0a8-aeb68b94d725
3f5288b9-e2e0-4d6f-b86a-20a3a51b8d54,Player_3f5288b9-e2e0-4d6f-b86a-20a3a51b8d54
55e419a5-05b3-400a-ad29-ba6d4e477901,Player_55e419a5-05b3-400a-ad29-ba6d4e477901
84667285-211a-4aec-8abf-275629fe6671,Player_84667285-211a-4aec-8abf-275629fe6671
2620b80e-04a1-4e80-89fa-f740b7271f7e,Player_2620b80e-04a1-4e80-89fa-f740b7271f7e
0b7a2971-387c-4d13-8ab0-deb0b52e98a5,Player_0b7a2971-387c-4d13-8ab0-deb0b52e98a5
40bc5a0a-99dd-4702-a0c9-b316ff278f3a,Player_40bc5a0a-99dd-4702-a0c9-b316ff278f3a
d26e2234-bff2-455e-af74-a5443db734fc,Player_d26e2234-bff2-455e-af74-a5443db734fc
08b52902-47b5-4cc9-a2a6-642bcf59f206,Player_08b52902-47b5-4cc9-a2a6-642bcf59f206
2479771a-9bc3-4371-ba64-3ce48d12d458,Player_2479771a-9bc3-4371-ba64-3ce48d12d458
352bde3a-846e-487e-84aa-8d9bbbd1ebaf,Player_352bde3a-846e-487e-84aa-8d9bbbd1ebaf
1808e382-629f-4895-8e87-f73022f94cdb,Player_1808e382-629f-4895-8e87-f73022f94cdb
4e9d078d-f8a8-4539-a567-ae620d22105b,Player_4e9d078d-f8a8-4539-a567-ae620d22105b
ba301714-4caa-4bec-a9b7-2e7dcd79cc96,Player_ba301714-4caa-4bec-a9b7-2e7dcd79cc96
cd1780c8-ef52-452f-b23d-519131608c53,Player_cd1780c8-ef52-452f-b23d-519131608c53
84164261-3955-41b6-ac58-73d0de3bb45f,Player_84164261-3955-41b6-ac58-73d0de3bb45f
73199963-e4f2-45f6-a2f7-2267e91f9bec,Player_73199963-e4f2-45f6-a2f7-2267e91f9bec
bd54b1ba-f3a8-4a69-8db5-40dd3426857f,Player_bd54b1ba-f3a8-4a69-8db5-40dd3426857f
66510fa8-0137-4ded-9236-ff1b705a8133,Player_66510fa8-0137-4ded-9236-ff1b705a8133
02394e6b-6260-47a0-acc6-cb0ac89b6dfe,Player_02394e6b-6260-47a0-acc6-cb0ac89b6dfe
136f58b7-02c0-494c-916f-9cedc65d31d4,Player_136f58b7-02c0-494c-916f-9cedc65d31d4
3ebd0316-3eb1-4fb4-9de0-38646d2dd950,Player_3ebd0316-3eb1-4fb4-9de0-38646d2dd950
75f2fbb8-a1b9-4d9b-a021-d2e9c248c05b,Player_75f2fbb8-a1b9-4d9b-a021-d2e9c248c05b
c709c42e-9d22-4b2d-ba31-5c0b4173e1f9,Player_c709c42e-9d22-4b2d-ba31-5c0b4173e1f9
4b574be8-6280-4d02-a87a-50cd4ed41c92,Player_4b574be8-6280-4d02-a87a-50cd4ed41c92
8b9079e2-dffd-47e8-857c-de83f9ab45d8,Player_8b9079e2-dffd-47e8-857c-de83f9ab45d8
28fa4214-6331-457a-bcd1-f74c39bd8a90,Player_28fa4214-6331-457a-bcd1-f74c39bd8a90
077b0af7-ffff-4748-a8f3-52adc52c9e63,Player_077b0af7-ffff-4748-a8f3-52adc52c9e63
6c30061f-7473-4c89-9cc2-ef02f24ac83b,Player_6c30061f-7473-4c89-9cc2-ef02f24ac83b
cbbe96f7-0b72-4ddc-b571-538be9e6d621,Player_cbbe96f7-0b72-4ddc-b571-538be9e6d621
b771fe94-399a-4892-86d7-924dd6253025,Player_b771fe94-399a-4892-86d7-924dd6253025
f4d01b9c-fcd6-4067-b471-b0a7a6a2f68c,Player_f4d01b9c-fcd6-4067-b471-b0a7a6a2f68c
c4c97f4a-a4ab-4979-a139-c72abc94eca2,Player_c4c97f4a-a4ab-4979-a139-c72abc94eca2
8ca836ac-6c11-4258-a400-e1c7ca76d06c,Player_8ca836ac-6c11-4258-a400-e1c7ca76d06c
a3ab228f-66c6-4d36-b8d5-e2b2aaa7d85d,Player_a3ab228f-66c6-4d36-b8d5-e2b2aaa7d85d
ab68cf5e-5ee2-4c63-bc67-6456f9c3623f,Player_ab68cf5e-5ee2-4c63-bc67-6456f9c3623f
f1df2cc9-b888-47c1-a067-1f32c02a9a7c,Player_f1df2cc9-b888-47c1-a067-1f32c02a9a7c
623d8013-8a49-4ac7-b4e1-67f8d8466ab4,Player_623d8013-8a49-4ac7-b4e1-67f8d8466ab4
7490c5ae-6fa5-4fa2-b3d8-8003563b1387,Player_7490c5ae-6fa5-4fa2-b3d8-8003563b1387
f310b00f-7166-403e-8a64-2cb987141b2f,Player_f310b00f-7166-403e-8a64-2cb987141b2f
9d3818fd-7ad3-462c-8f1a-b10e3f48ab8d,Player_9d3818fd-7ad3-462c-8f1a-b10e3f48ab8d
17809cda-f098-4d6f-820a-70acdd803bad,Player_17809cda-f098-4d6f-820a-70acdd803bad
c4b38d62-7a3b-472b-becb-bbe090003958,Player_c4b38d62-7a3b-472b-becb-bbe090003958
022325f6-ffef-401d-ae2e-7cc3bf48f29a,Player_022325f6-ffef-401d-ae2e-7cc3bf48f29a
12d1ba94-ad88-45dd-9464-eb9c069e0574,Player_12d1ba94-ad88-45dd-9464-eb9c069e0574
57fff903-f621-401e-b458-492d2c265bc5,Player_57fff903-f621-401e-b458-492d2c265bc5
bd7e150c-38b5-44b8-9ee5-799857fcf347,Player_bd7e150c-38b5-44b8-9ee5-799857fcf347
12adf6c9-426f-41c1-a47c-99f198fd4d72,Player_12adf6c9-426f-41c1-a47c-99f198fd4d72
e3ba678d-f809-4028-b1bf-823a9e28c42d,Player_e3ba678d-f809-4028-b1bf-823a9e28c42d
6bb38bdf-7c61-4622-a18d-252af9016cc4,Player_6bb38bdf-7c61-4622-a18d-252af9016cc4
d68fcc24-32f5-4499-a2ea-7aaebc580911,Player_d68fcc24-32f5-4499-a2ea-7aaebc580911
75c4c760-0bc3-4b2f-be51-0dcaa3f6fa4f,Player_75c4c760-0bc3-4b2f-be51-0dcaa3f6fa4f
d4151c9d-264e-457d-99ec-f1389a868147,Player_d4151c9d-264e-457d-99ec-f1389a868147
2ec323e1-3679-470b-b519-bfcb5e8296cb,Player_2ec323e1-3679-470b-b519-bfcb5e8296cb
9c02ec48-a0de-4ff1-bad9-29b42464813c,Player_9c02ec48-a0de-4ff1-bad9-29b42464813c
6861efa3-271b-44ef-b16f-e5da1926af55,Player_6861efa3-271b-44ef-b16f-e5da1926af55
b4381b09-6aef-424b-acdc-7e26a3f12396,Player_b4381b09-6aef-424b-acdc-7e26a3f12396
3b8f2f4a-a2fb-46b4-8f6c-cdeda1fa65cb,Player_3b8f2f4a-a2fb-46b4-8f6c-cdeda1fa65cb
9bcd695c-1422-496b-883a-16138f13c0c4,Player_9bcd695c-1422-496b-883a-16138f13c0c4
58e4deec-aab0-4869-81b6-8bd90503dd8a,Player_58e4deec-aab0-4869-81b6-8bd90503dd8a
fee88fd7-d4ba-4dc9-a571-753cad5b769a,Player_fee88fd7-d4ba-4dc9-a571-753cad5b769a
e2c4bd35-e715-4e56-9f59-a433eb59756d,Player_e2c4bd35-e715-4e56-9f59-a433eb59756d
e24955a4-6bd5-46e1-9a6f-21040d6640d3,Player_e24955a4-6bd5-46e1-9a6f-21040d6640d3
81c9a3ef-780c-46ab-8d28-c1b737b7bec4,Player_81c9a3ef-780c-46ab-8d28-c1b737b7bec4
83c57c17-d6c9-4b07-820b-b86436623802,Player_83c57c17-d6c9-4b07-820b-b86436623802
7071f033-b9c9-44d8-8b8f-ce56e6c2c376,Player_7071f033-b9c9-44d8-8b8f-ce56e6c2c376
0b801de1-a3a7-44f9-9ec6-5feff3296833,Player_0b801de1-a3a7-44f9-9ec6-5feff3296833
6c8245d5-c50f-4c25-a6da-a26d0b4ef8cf,Player_6c8245d5-c50f-4c25-a6da-a26d0b4ef8cf
9ad8e707-c4fb-401d-bd23-c0e8355f68cb,Player_9ad8e707-c4fb-401d-bd23-c0e8355f68cb
364a5b9e-7bcd-48c8-a615-c04a61859384,Player_364a5b9e-7bcd-48c8-a615-c04a61859384
e11983ed-4746-4277-b042-461dc472ba6f,Player_e11983ed-4746-4277-b042-461dc472ba6f
8888001b-65bd-4400-a04c-2cd77900fa9f,Player_8888001b-65bd-4400-a04c-2cd77900fa9f
a328b7e5-1265-4f41-b1d6-0a3b647f5938,Player_a328b7e5-1265-4f41-b1d6-0a3b647f5938
b79aefef-e3ec-4503-84df-cb3bc5a83eaa,Player_b79aefef-e3ec-4503-84df-cb3bc5a83eaa
7e1daeba-2fb0-41cf-a67f-5dcb5164c588,Player_7e1daeba-2fb0-41cf-a67f-5dcb5164c588
2af479fe-16fa-473f-b440-9456edafc8f2,Player_2af479fe-16fa-473f-b440-9456edafc8f2
5b300fbb-0856-46af-afc7-db2f7efa63b5,Player_5b300fbb-0856-46af-afc7-db2f7efa63b5
fe4ec720-9ffb-4c0e-9f37-c068525f97de,Player_fe4ec720-9ffb-4c0e-9f37-c068525f97de
97a6b9ea-1812-4191-861e-e35d19faddf2,Player_97a6b9ea-1812-4191-861e-e35d19faddf2
2050fbf1-75db-4263-b16b-275992203634,Player_2050fbf1-75db-4263-b16b-275992203634
753e9d77-c692-421a-b57c-47d767c8e269,Player_753e9d77-c692-421a-b57c-47d767c8e269
f48854e2-58ee-467d-ae3a-9c3df000facf,Player_f48854e2-58ee-467d-ae3a-9c3df000facf
d0556137-3ab0-46f8-8748-21b16d81a252,Player_d0556137-3ab0-46f8-8748-21b16d81a252
47c8ada3-0323-4405-9704-900fd40f3b1a,Player_47c8ada3-0323-4405-9704-900fd40f3b1a
3f2d3958-e702-4dd6-b0b9-9fca3d213b87,Player_3f2d3958-e702-4dd6-b0b9-9fca3d213b87
a793c9bc-a5e8-418e-b149-fa59691b6874,Player_a793c9bc-a5e8-418e-b149-fa59691b6874
139e9cc7-b4b4-4ae3-8f27-49f8898275d9,Player_139e9cc7-b4b4-4ae3-8f27-49f8898275d9
d616806b-1ea5-4c59-9f4d-5f213d293715,Player_d616806b-1ea5-4c59-9f4d-5f213d293715
91bd60c8-145b-46f7-9465-3b2f767d6690,Player_91bd60c8-145b-46f7-9465-3b2f767d6690
168f1e28-8dca-46db-b067-71af2ba36dd2,Player_168f1e28-8dca-46db-b067-71af2ba36dd2
38f5e4bc-562b-4de0-9b21-de299a98c582,Player_38f5e4bc-562b-4de0-9b21-de299a98c582
4ff0bcf3-277a-424c-9e0d-da53c2b4bd93,Player_4ff0bcf3-277a-424c-9e0d-da53c2b4bd93
83bc8bc8-36c0-4950-b7f4-0781ea27520d,Player_83bc8bc8-36c0-4950-b7f4-0781ea27520d
554bf92d-635f-4aab-bf8f-a1f9df48bda9,Player_554bf92d-635f-4aab-bf8f-a1f9df48bda9
84ead127-48e8-4670-983b-7ff08c97d8c7,Player_84ead127-48e8-4670-983b-7ff08c97d8c7
86a29214-79e9-4abd-91c4-148282698a37,Player_86a29214-79e9-4abd-91c4-148282698a37
34acd2be-682a-4d24-8efb-db2969fd4a9b,Player_34acd2be-682a-4d24-8efb-db2969fd4a9b
5a8ca462-5059-4c2d-9a0c-5eb1e21d4610,Player_5a8ca462-5059-4c2d-9a0c-5eb1e21d4610
989f57e3-96ed-4462-bd3b-ecfe094d7b9e,Player_989f57e3-96ed-4462-bd3b-ecfe094d7b9e
a3af285d-1941-4f7b-a176-ce6db3176a16,Player_a3af285d-1941-4f7b-a176-ce6db3176a16
5d957814-9c37-405b-859b-05042c6bdf1c,Player_5d957814-9c37-405b-859b-05042c6bdf1c
f26dec15-1eab-4cef-a618-de80726a67bc,Player_f26dec15-1eab-4cef-a618-de80726a67bc
4adced37-d57f-4bec-a6a9-32921c993fec,Player_4adced37-d57f-4bec-a6a9-32921c993fec
830aa28d-8a76-47f1-af39-b4c72d656594,Player_830aa28d-8a76-47f1-af39-b4c72d656594
a4a4041c-0925-4ef6-a49d-92cfb9a40b8b,Player_a4a4041c-0925-4ef6-a49d-92cfb9a40b8b
bdc329d7-4ef5-4567-8ce6-550707b21ad6,Player_bdc329d7-4ef5-4567-8ce6-550707b21ad6
6c5a15ae-9c39-4475-b898-243c26d470eb,Player_6c5a15ae-9c39-4475-b898-243c26d470eb
d6817d57-c0ea-4c5c-b7aa-1157dcb221c7,Player_d6817d57-c0ea-4c5c-b7aa-1157dcb221c7
ae20dbdf-f58b-40b1-93fe-9648f1e8dae6,Player_ae20dbdf-f58b-40b1-93fe-9648f1e8dae6
11a8d4da-146a-48d2-be69-eb9ca8bd7170,Player_11a8d4da-146a-48d2-be69-eb9ca8bd7170
a47a8405-3dc1-4847-859f-d4ccf93477ce,Player_a47a8405-3dc1-4847-859f-d4ccf93477ce
de04776a-c790-4f2e-85e8-20b8a8543304,Player_de04776a-c790-4f2e-85e8-20b8a8543304
fc744f93-c18e-4dbe-a37b-6302b66a203a,Player_fc744f93-c18e-4dbe-a37b-6302b66a203a
10e5d6ba-6a2c-464f-94f8-1a2d95118ef2,Player_10e5d6ba-6a2c-464f-94f8-1a2d95118ef2
a3e3cb64-ba8e-473b-8a2c-d3abb2ce350f,Player_a3e3cb64-ba8e-473b-8a2c-d3abb2ce350f
1144c911-08ba-4691-aa21-cf51797530d9,Player_1144c911-08ba-4691-aa21-cf51797530d9
7a4a8cd0-429e-41be-ac64-ebc0b895d488,Player_7a4a8cd0-429e-41be-ac64-ebc0b895d488
55938404-0770-42da-b058-25f92587a2c6,Player_55938404-0770-42da-b058-25f92587a2c6
c7fc65f9-4e4e-4006-8d41-6f3dd9c2b4a4,Player_c7fc65f9-4e4e-4006-8d41-6f3dd9c2b4a4
063358bd-b1b8-421a-b87b-926ba8ba92a8,Player_063358bd-b1b8-421a-b87b-926ba8ba92a8
2137579e-9c87-44d0-9c8a-29475457aa14,Player_2137579e-9c87-44d0-9c8a-29475457aa14
f6d196ce-471c-43ba-bae6-5455127e9b0d,Player_f6d196ce-471c-43ba-bae6-5455127e9b0d
287dc56f-be1e-47ef-b53d-2de3ea9c1c95,Player_287dc56f-be1e-47ef-b53d-2de3ea9c1c95
1ac4b78a-124d-499c-9c3d-931ae3c617b9,Player_1ac4b78a-124d-499c-9c3d-931ae3c617b9
e87bedef-fa2a-46e9-8055-c6ec04031058,Player_e87bedef-fa2a-46e9-8055-c6ec04031058
7293547d-b892-4521-8375-9df556e549cf,Player_7293547d-b892-4521-8375-9df556e549cf
88bb67b8-5475-426a-984c-893072e29c16,Player_88bb67b8-5475-426a-984c-893072e29c16
809b4a9e-2372-437a-be23-f2c26f2eab11,Player_809b4a9e-2372-437a-be23-f2c26f2eab11
db71df4c-6030-4602-be46-24ad4237f734,Player_db71df4c-6030-4602-be46-24ad4237f734
86984f5e-3f6f-466d-b36e-5ae95e6c9349,Player_86984f5e-3f6f-466d-b36e-5ae95e6c9349
403f773f-0eab-4e44-b39f-12a8be5c0202,Player_403f773f-0eab-4e44-b39f-12a8be5c0202
acfa0a10-3c21-4b77-86b5-c9e017e725d3,Player_acfa0a10-3c21-4b77-86b5-c9e017e725d3
d91245d7-15fa-46dd-ae1e-9a4420d6e9e6,Player_d91245d7-15fa-46dd-ae1e-9a4420d6e9e6
fe1fdaf8-d1a3-4d46-a925-07c5eb0d2ed2,Player_fe1fdaf8-d1a3-4d46-a925-07c5eb0d2ed2
1249a9a2-4393-4e48-be5e-79505d5edadf,Player_1249a9a2-4393-4e48-be5e-79505d5edadf
25f60d5c-058f-4114-ae65-503e3139f959,Player_25f60d5c-058f-4114-ae65-503e3139f959
78f98045-a6d4-4c04-9f36-f458691330a1,Player_78f98045-a6d4-4c04-9f36-f458691330a1
07912b84-ae84-4471-946a-b4fcd4ceed4b,Player_07912b84-ae84-4471-946a-b4fcd4ceed4b
84ee3e41-020b-48de-a0cb-4ade46badf9f,Player_84ee3e41-020b-48de-a0cb-4ade46badf9f
b7559cc6-4016-4a33-b079-c7bb1b8adc24,Player_b7559cc6-4016-4a33-b079-c7bb1b8adc24
35f45e5f-ff85-49db-92e7-53b2884f389b,Player_35f45e5f-ff85-49db-92e7-53b2884f389b
733b3a1d-3279-472c-951a-94ec4cfd0c2d,Player_733b3a1d-3279-472c-951a-94ec4cfd0c2d
16249924-3f81-4507-a42c-04e9b5ac5e3f,Player_16249924-3f81-4507-a42c-04e9b5ac5e3f
f5327d64-f408-4264-91bf-fabd10d577ea,Player_f5327d64-f408-4264-91bf-fabd10d577ea
647a1fb6-7b68-40bf-8463-22303e7982df,Player_647a1fb6-7b68-40bf-8463-22303e7982df
ca2ed963-5c60-470b-9e4d-d2540559841c,Player_ca2ed963-5c60-470b-9e4d-d2540559841c
bb574206-cbdf-402f-872a-7d69b33a0c5b,Player_bb574206-cbdf-402f-872a-7d69b33a0c5b
559bec87-47b7-46de-a962-4e2f9b704529,Player_559bec87-47b7-46de-a962-4e2f9b704529
f2abe058-31a7-473f-8d1a-de04466a6c11,Player_f2abe058-31a7-473f-8d1a-de04466a6c11
7a6a1504-ed63-4f82-8de2-c635d18adddb,Player_7a6a1504-ed63-4f82-8de2-c635d18adddb
7d702895-7377-44e6-9bbb-86ffbac33b7d,Player_7d702895-7377-44e6-9bbb-86ffbac33b7d
054db2aa-f685-4938-ad64-3eb71e8c420e,Player_054db2aa-f685-4938-ad64-3eb71e8c420e
290dcfd2-14c0-4885-8b6a-1eb5fae38a54,Player_290dcfd2-14c0-4885-8b6a-1eb5fae38a54
a95ea046-67ed-4ab9-be32-1cf9cf868cd7,Player_a95ea046-67ed-4ab9-be32-1cf9cf868cd7
af5349de-1d97-4270-8723-75d4ccdfad81,Player_af5349de-1d97-4270-8723-75d4ccdfad81
c7b52158-2825-4d70-b46a-2c3ed5272fca,Player_c7b52158-2825-4d70-b46a-2c3ed5272fca
bd3e1974-9e44-48fc-b3d2-47a277e8bca6,Player_bd3e1974-9e44-48fc-b3d2-47a277e8bca6
52cf3ea5-8c27-4707-8702-a65558a9fbb1,Player_52cf3ea5-8c27-4707-8702-a65558a9fbb1
85c6e12f-4e82-4720-b0e6-89295aa48ff9,Player_85c6e12f-4e82-4720-b0e6-89295aa48ff9
e2030171-364e-402a-993b-b5c44d6c078b,Player_e2030171-364e-402a-993b-b5c44d6c078b
2c0da7a1-f766-47f0-836b-15c12555cdd8,Player_2c0da7a1-f766-47f0-836b-15c12555cdd8
a597fd19-a702-422f-b9d5-1b1aaee86065,Player_a597fd19-a702-422f-b9d5-1b1aaee86065
ad25a955-5671-4f71-9e2a-8a38feb92a12,Player_ad25a955-5671-4f71-9e2a-8a38feb92a12
5574ed81-1d3d-42f7-87de-e5a8754929bc,Player_5574ed81-1d3d-42f7-87de-e5a8754929bc
d030b9e9-3c22-4af3-b0db-1b308ad58d88,Player_d030b9e9-3c22-4af3-b0db-1b308ad58d88
1b2508f6-570e-4f56-9162-40a94d90f682,Player_1b2508f6-570e-4f56-9162-40a94d90f682
e0cac004-a664-4ddd-8b49-a889186f86aa,Player_e0cac004-a664-4ddd-8b49-a889186f86aa
99251046-b0bc-4f92-92f2-2abf4148c68f,Player_99251046-b0bc-4f92-92f2-2abf4148c68f
523390b3-eb12-429c-b9aa-e3a0c4ea01de,Player_523390b3-eb12-429c-b9aa-e3a0c4ea01de
1a2d93f4-dade-49f5-9805-b4d6fdf93384,Player_1a2d93f4-dade-49f5-9805-b4d6fdf93384
afdfd117-0197-45c7-8534-abe510167898,Player_afdfd117-0197-45c7-8534-abe510167898
cdc64330-9bd9-4283-ba17-2459119b45fd,Player_cdc64330-9bd9-4283-ba17-2459119b45fd
12466131-4ae1-42c2-8747-6ce8edb15127,Player_12466131-4ae1-42c2-8747-6ce8edb15127
08d4d17c-2271-4720-807f-3023a6e3747f,Player_08d4d17c-2271-4720-807f-3023a6e3747f
19f32079-7850-40ac-bf71-478e7dab40a6,Player_19f32079-7850-40ac-bf71-478e7dab40a6
c52f2e29-74df-4444-8fa8-2a42e84fd657,Player_c52f2e29-74df-4444-8fa8-2a42e84fd657
a89fc57d-b7d4-4a6e-9fda-165ce698109a,Player_a89fc57d-b7d4-4a6e-9fda-165ce698109a
76d3bdce-5d3f-468c-9ce3-92af69193e5d,Player_76d3bdce-5d3f-468c-9ce3-92af69193e5d
fa502037-f549-4e54-8599-e989082082a7,Player_fa502037-f549-4e54-8599-e989082082a7
688bdcc0-776c-4132-a117-3b46de081790,Player_688bdcc0-776c-4132-a117-3b46de081790
b11c9f80-aeec-473a-865b-6ed4744528e3,Player_b11c9f80-aeec-473a-865b-6ed4744528e3
02f879a8-90d9-4afb-97a0-a400d4048055,Player_02f879a8-90d9-4afb-97a0-a400d4048055
5fb3ddeb-3c91-4229-abac-641d4cbc922e,Player_5fb3ddeb-3c91-4229-abac-641d4cbc922e
128f78e1-67d2-44f0-882b-870f71a571a0,Player_128f78e1-67d2-44f0-882b-870f71a571a0
48fb8d6d-a5d8-4712-850d-95cfaec6322a,Player_48fb8d6d-a5d8-4712-850d-95cfaec6322a
053aac81-78f1-4063-964e-92332f7c8a66,Player_053aac81-78f1-4063-964e-92332f7c8a66
3d89ab3b-0780-4847-aadf-966bc8432359,Player_3d89ab3b-0780-4847-aadf-966bc8432359
f742823c-3f31-48c9-a971-e6f4c9ff773b,Player_f742823c-3f31-48c9-a971-e6f4c9ff773b
07daae9d-43fe-4c6e-9788-febdfb33f8d4,Player_07daae9d-43fe-4c6e-9788-febdfb33f8d4
d27fc9af-61ea-4412-87d9-609653a6467a,Player_d27fc9af-61ea-4412-87d9-609653a6467a
4f07712f-6d8f-499d-9637-67904776f140,Player_4f07712f-6d8f-499d-9637-67904776f140
15c5d585-507b-4323-98a8-b4c475f8fed4,Player_15c5d585-507b-4323-98a8-b4c475f8fed4
0f63b8df-cbdd-4524-815d-febccec9048f,Player_0f63b8df-cbdd-4524-815d-febccec9048f
aa8ce396-0c14-4937-8262-71fda834f136,Player_aa8ce396-0c14-4937-8262-71fda834f136
4e155172-d5df-4f2d-ae4a-f4e5b47232c1,Player_4e155172-d5df-4f2d-ae4a-f4e5b47232c1
bd8c1d93-485c-454c-b3eb-40c7c163d6a1,Player_bd8c1d93-485c-454c-b3eb-40c7c163d6a1
a1af9bdd-f944-4fc2-9e7c-f444cd27eb8d,Player_a1af9bdd-f944-4fc2-9e7c-f444cd27eb8d
234ee050-cacd-42e7-9503-62d54a30b8f2,Player_234ee050-cacd-42e7-9503-62d54a30b8f2
26070597-8178-4463-aee6-b34047e01907,Player_26070597-8178-4463-aee6-b34047e01907
c994c835-e59b-4e9d-8229-d899e80822d0,Player_c994c835-e59b-4e9d-8229-d899e80822d0
53fc2a02-1009-4fab-bfe1-5e048927cca5,Player_53fc2a02-1009-4fab-bfe1-5e048927cca5
7152458e-9980-4a6d-8fd9-e805aa1073e8,Player_7152458e-9980-4a6d-8fd9-e805aa1073e8
f3b8abeb-2109-4e03-b1b6-ff555375bf48,Player_f3b8abeb-2109-4e03-b1b6-ff555375bf48
536006fb-ca1a-40c7-b4b4-c91ade96c1d2,Player_536006fb-ca1a-40c7-b4b4-c91ade96c1d2
60626f9b-1185-4fdd-bad9-f7ce0a99e527,Player_60626f9b-1185-4fdd-bad9-f7ce0a99e527
f333aa78-4c4d-4af9-a148-389f221fc842,Player_f333aa78-4c4d-4af9-a148-389f221fc842
2ead80d1-de53-4a09-9e44-62cbd354fd51,Player_2ead80d1-de53-4a09-9e44-62cbd354fd51
1ce3945e-a002-4f3a-a05c-e4b61dd2abf9,Player_1ce3945e-a002-4f3a-a05c-e4b61dd2abf9
bc6b96a4-6d69-4675-8ff9-667d8500639f,Player_bc6b96a4-6d69-4675-8ff9-667d8500639f
00261298-1e31-4fd3-9d92-cb291b307082,Player_00261298-1e31-4fd3-9d92-cb291b307082
ac7bb689-0746-448a-8d26-6bd0d00b4aa9,Player_ac7bb689-0746-448a-8d26-6bd0d00b4aa9
16cb2657-45df-4529-a855-ee5245bc20fb,Player_16cb2657-45df-4529-a855-ee5245bc20fb
0b8d2e63-15f4-412e-9c1e-54917400bb51,Player_0b8d2e63-15f4-412e-9c1e-54917400bb51
9fabea18-6104-458d-9b6f-a88f5f039172,Player_9fabea18-6104-458d-9b6f-a88f5f039172
a6f32efd-03ca-4570-a219-6374d597b024,Player_a6f32efd-03ca-4570-a219-6374d597b024
244cd908-8a88-40c2-8ed4-61ad302ff98c,Player_244cd908-8a88-40c2-8ed4-61ad302ff98c
5d1dacc8-06f6-4041-9328-cadbd5c6a5bd,Player_5d1dacc8-06f6-4041-9328-cadbd5c6a5bd
bdba8dd3-f094-41fc-b821-5484054746a4,Player_bdba8dd3-f094-41fc-b821-5484054746a4
b6774ebb-ea7d-4373-b056-0e34b72b82aa,Player_b6774ebb-ea7d-4373-b056-0e34b72b82aa
f685be84-d639-4577-8ac8-b7387d131f42,Player_f685be84-d639-4577-8ac8-b7387d131f42
fe07bed0-1b51-46ed-af81-8f5a2bf4a6cd,Player_fe07bed0-1b51-46ed-af81-8f5a2bf4a6cd
dcd28dd7-8273-428b-b037-bacce96a8e4f,Player_dcd28dd7-8273-428b-b037-bacce96a8e4f
0509ac65-340d-46cf-897c-0901597659ca,Player_0509ac65-340d-46cf-897c-0901597659ca
ff17b922-1755-4ce0-9740-be27b6f3603c,Player_ff17b922-1755-4ce0-9740-be27b6f3603c
4c9fd82d-9295-4359-81f4-87755e10de71,Player_4c9fd82d-9295-4359-81f4-87755e10de71
1af5a4ac-a528-490e-8d53-ce4f888b5810,Player_1af5a4ac-a528-490e-8d53-ce4f888b5810
ce7bc5e0-3d77-49bc-a7f3-e7299319ddd4,Player_ce7bc5e0-3d77-49bc-a7f3-e7299319ddd4
e227d387-9531-40a2-bf98-be513b14fa56,Player_e227d387-9531-40a2-bf98-be513b14fa56
e6117cdf-a099-4256-a980-9cead3c55789,Player_e6117cdf-a099-4256-a980-9cead3c55789
2b79b746-2cf0-488d-b002-666262affe73,Player_2b79b746-2cf0-488d-b002-666262affe73
96d76894-5f09-476d-8002-1d0dd10ae97f,Player_96d76894-5f09-476d-8002-1d0dd10ae97f
fc076d6e-12be-4bce-814d-4120bbfe7277,Player_fc076d6e-12be-4bce-814d-4120bbfe7277
e73c5c6b-21ad-4978-92aa-dacdc271d43d,Player_e73c5c6b-21ad-4978-92aa-dacdc271d43d
f3261f8f-4578-4caf-b576-5c7f29e18db3,Player_f3261f8f-4578-4caf-b576-5c7f29e18db3
fc085182-2b29-438c-855e-0fa3832479c0,Player_fc085182-2b29-438c-855e-0fa3832479c0
f52cf608-394f-455d-b0eb-255e072da9f4,Player_f52cf608-394f-455d-b0eb-255e072da9f4
b1b6a61e-8cd2-4093-86a0-d72a91d81045,Player_b1b6a61e-8cd2-4093-86a0-d72a91d81045
f0b41d39-15ea-4b32-89dd-f067627b9796,Player_f0b41d39-15ea-4b32-89dd-f067627b9796
48c8f9d3-0180-4438-9911-7a548a5c023f,Player_48c8f9d3-0180-4438-9911-7a548a5c023f
3f1147b3-ccb1-4806-b95b-c0548444efa0,Player_3f1147b3-ccb1-4806-b95b-c0548444efa0
282c7afd-1b6e-4680-9edb-de2badbb51ff,Player_282c7afd-1b6e-4680-9edb-de2badbb51ff
b452964b-4aaa-4a9a-8920-787a4b83632c,Player_b452964b-4aaa-4a9a-8920-787a4b83632c
3502198e-ebf9-4985-a068-a9fb2ff51509,Player_3502198e-ebf9-4985-a068-a9fb2ff51509
035a4d31-5145-45af-8c5d-b74b8e5eb794,Player_035a4d31-5145-45af-8c5d-b74b8e5eb794
b230fca5-7a27-4bcc-b947-08e1d46882ae,Player_b230fca5-7a27-4bcc-b947-08e1d46882ae
5838953b-8717-4d90-9056-3a5067a5200e,Player_5838953b-8717-4d90-9056-3a5067a5200e
07afad36-e36e-43e9-bf72-bf7437c1c6bf,Player_07afad36-e36e-43e9-bf72-bf7437c1c6bf
4076e124-a47f-43a4-a88e-1c89d8792767,Player_4076e124-a47f-43a4-a88e-1c89d8792767
3f1f07ed-1c9d-45fc-8c78-5b6f9d211a07,Player_3f1f07ed-1c9d-45fc-8c78-5b6f9d211a07
4bb5197f-6ad9-4489-8635-43aeb3ca1410,Player_4bb5197f-6ad9-4489-8635-43aeb3ca1410
5f90d853-1394-4b97-a141-1688cb62ce87,Player_5f90d853-1394-4b97-a141-1688cb62ce87
07f0b365-2f83-40c5-bace-69a09221cf43,Player_07f0b365-2f83-40c5-bace-69a09221cf43
2aaf5596-b0e6-4261-b3d7-897cef480ccb,Player_2aaf5596-b0e6-4261-b3d7-897cef480ccb
f6a50fc4-7eed-4e14-8775-d7353150c66b,Player_f6a50fc4-7eed-4e14-8775-d7353150c66b
c2ae9666-dc49-4771-a8f7-9c7c8a501657,Player_c2ae9666-dc49-4771-a8f7-9c7c8a501657
2e2087aa-f36a-4244-87c5-c33f0297828d,Player_2e2087aa-f36a-4244-87c5-c33f0297828d
aa80c2cb-961f-4703-b73e-154bf8d0bb7e,Player_aa80c2cb-961f-4703-b73e-154bf8d0bb7e
a8f1c490-6e96-4997-821d-92ac7e0e002d,Player_a8f1c490-6e96-4997-821d-92ac7e0e002d
392ee8c5-2215-4f2d-9fab-bf56427fa32a,Player_392ee8c5-2215-4f2d-9fab-bf56427fa32a
74a02ade-40f1-4b53-b459-cebc92edf5c8,Player_74a02ade-40f1-4b53-b459-cebc92edf5c8
c1a60e9c-94d2-457c-b8af-55f811560020,Player_c1a60e9c-94d2-457c-b8af-55f811560020
0d331f7b-42ba-46b7-983b-14c837a7e14a,Player_0d331f7b-42ba-46b7-983b-14c837a7e14a
a77707b1-e4fb-477e-8093-97c4581b67f0,Player_a77707b1-e4fb-477e-8093-97c4581b67f0
dd89beb3-025d-48f5-be09-ac5a2bf53f66,Player_dd89beb3-025d-48f5-be09-ac5a2bf53f66
8766fad8-b89c-474d-bea8-a408b060217f,Player_8766fad8-b89c-474d-bea8-a408b060217f
2017a9ad-1b56-46ff-9d98-2837b07b6bd0,Player_2017a9ad-1b56-46ff-9d98-2837b07b6bd0
87eddb01-3eb1-4526-9d6b-4dccb6867913,Player_87eddb01-3eb1-4526-9d6b-4dccb6867913
c1d60f13-9d25-4934-baf0-fbb376719811,Player_c1d60f13-9d25-4934-baf0-fbb376719811
ea23393f-7917-4d97-b3b4-d5b4dba4a960,Player_ea23393f-7917-4d97-b3b4-d5b4dba4a960
161afe32-73f1-4539-9d62-38668f2d14e1,Player_161afe32-73f1-4539-9d62-38668f2d14e1
6f990d3b-6ce5-4b8c-b7af-0922fdc729f5,Player_6f990d3b-6ce5-4b8c-b7af-0922fdc729f5
284e15b0-4e5c-4437-b722-651716c00820,Player_284e15b0-4e5c-4437-b722-651716c00820
325ce7ca-73e5-433c-a465-6cf616aa0032,Player_325ce7ca-73e5-433c-a465-6cf616aa0032
405aa2c5-c855-45f6-9948-34bfaf5969bf,Player_405aa2c5-c855-45f6-9948-34bfaf5969bf
9190c047-12e8-4ebe-b094-b46e366eb9f7,Player_9190c047-12e8-4ebe-b094-b46e366eb9f7
7f4ffff7-c31a-488f-8b63-3ab530bc0a58,Player_7f4ffff7-c31a-488f-8b63-3ab530bc0a58
bcbab60a-b210-4d75-b261-759aa8bfabfb,Player_bcbab60a-b210-4d75-b261-759aa8bfabfb
8e1c0dce-c83a-4367-8bcd-b8fb77713f8c,Player_8e1c0dce-c83a-4367-8bcd-b8fb77713f8c
97c75565-204c-4d46-adfb-61eca864cf70,Player_97c75565-204c-4d46-adfb-61eca864cf70
4485ca05-fbaa-4529-8de1-8a5bb356e0da,Player_4485ca05-fbaa-4529-8de1-8a5bb356e0da
77ad0741-734c-444b-97df-6571b7bf8b24,Player_77ad0741-734c-444b-97df-6571b7bf8b24
b4b9693e-78b3-406e-ae3d-f1c47eb0262e,Player_b4b9693e-78b3-406e-ae3d-f1c47eb0262e
eabdb526-2a77-4909-9d1a-62d0fc2e9dbf,Player_eabdb526-2a77-4909-9d1a-62d0fc2e9dbf
7eeaecb9-f921-4932-97a6-92f6632943c2,Player_7eeaecb9-f921-4932-97a6-92f6632943c2
37235c90-f6aa-4ee7-89d6-bf0ed0b6d130,Player_37235c90-f6aa-4ee7-89d6-bf0ed0b6d130
6ab91563-723f-4cc5-803d-1876ff693720,Player_6ab91563-723f-4cc5-803d-1876ff693720
9b162b0a-16d1-47cb-8abc-08eb98ef8676,Player_9b162b0a-16d1-47cb-8abc-08eb98ef8676
f006d194-cf8a-4fc6-8841-1bb30d087db1,Player_f006d194-cf8a-4fc6-8841-1bb30d087db1
570095d5-9d92-47a5-bad3-c382c144581f,Player_570095d5-9d92-47a5-bad3-c382c144581f
85f01e24-6468-4919-a399-de9cd0a3dc02,Player_85f01e24-6468-4919-a399-de9cd0a3dc02
cabbf7d6-b744-4d37-9259-e6be864ff998,Player_cabbf7d6-b744-4d37-9259-e6be864ff998
5558f107-2c3f-41cc-928b-8b3468324726,Player_5558f107-2c3f-41cc-928b-8b3468324726
1f4784d1-3060-408c-bc1b-3566f8f57681,Player_1f4784d1-3060-408c-bc1b-3566f8f57681
6a06e90c-65d6-4d02-8c03-dca154a901f1,Player_6a06e90c-65d6-4d02-8c03-dca154a901f1
a3c9f9fb-fa9f-4d48-a606-962059199bc9,Player_a3c9f9fb-fa9f-4d48-a606-962059199bc9
ddb575ef-0dab-4112-9ff9-e9ba8054bb55,Player_ddb575ef-0dab-4112-9ff9-e9ba8054bb55
5f3b88ab-b9f2-416a-9e3b-f69f7f735b91,Player_5f3b88ab-b9f2-416a-9e3b-f69f7f735b91
c9b2f49f-d7da-4452-baae-9786fa2e280c,Player_c9b2f49f-d7da-4452-baae-9786fa2e280c
29433ae0-9ddf-40d2-91d4-c58f701a72e3,Player_29433ae0-9ddf-40d2-91d4-c58f701a72e3
5c70f102-e8db-4e1f-8607-587209a4736d,Player_5c70f102-e8db-4e1f-8607-587209a4736d
b5a2568c-7a17-493b-8452-bcf83dcb8f12,Player_b5a2568c-7a17-493b-8452-bcf83dcb8f12
9585334f-b3f9-4e86-b935-b4adbdd72a6e,Player_9585334f-b3f9-4e86-b935-b4adbdd72a6e
e21b135c-0952-47b0-be3a-873112c637b1,Player_e21b135c-0952-47b0-be3a-873112c637b1
31def6ed-c0d7-42bf-b8c8-1b0bcf46c22e,Player_31def6ed-c0d7-42bf-b8c8-1b0bcf46c22e
da784c1e-69e4-4a04-8272-34fabce44beb,Player_da784c1e-69e4-4a04-8272-34fabce44beb
890e0736-517b-49c7-bb8d-403d7f073eac,Player_890e0736-517b-49c7-bb8d-403d7f073eac
58051474-ed90-44c8-b764-5d8dec98f289,Player_58051474-ed90-44c8-b764-5d8dec98f289
dea37455-e455-4990-8f34-ace0d348d52d,Player_dea37455-e455-4990-8f34-ace0d348d52d
1967be87-3bd2-4d79-88be-ebc6be1ecf5e,Player_1967be87-3bd2-4d79-88be-ebc6be1ecf5e
9f835525-8860-4245-8f83-1f43ce95ae16,Player_9f835525-8860-4245-8f83-1f43ce95ae16
47ac1d88-6a0b-449f-9ae5-e1eb225f3d71,Player_47ac1d88-6a0b-449f-9ae5-e1eb225f3d71
1b1211f4-aed3-487f-8a20-2b586dd514fb,Player_1b1211f4-aed3-487f-8a20-2b586dd514fb
05c4a273-fc5e-401b-8f72-d4ca0e421fca,Player_05c4a273-fc5e-401b-8f72-d4ca0e421fca
f8ec2431-5501-493c-9d9e-8edf09df5168,Player_f8ec2431-5501-493c-9d9e-8edf09df5168
b7fdeea8-6989-4974-bda2-6992def2a26d,Player_b7fdeea8-6989-4974-bda2-6992def2a26d
15e8a48d-381c-4e7e-9eca-4ccf45f786c0,Player_15e8a48d-381c-4e7e-9eca-4ccf45f786c0
768b0791-344b-4a7e-9428-8341289e3432,Player_768b0791-344b-4a7e-9428-8341289e3432
ab1dbf75-bd82-4c0e-b709-4283bc9d25fc,Player_ab1dbf75-bd82-4c0e-b709-4283bc9d25fc
8461e0c4-a0f3-4c5a-8db6-3a27e451bcb6,Player_8461e0c4-a0f3-4c5a-8db6-3a27e451bcb6
85e3b381-3dea-42cf-b760-93ea0016d25d,Player_85e3b381-3dea-42cf-b760-93ea0016d25d
6cfb82bb-a33d-4787-bdca-eb5aa94703a8,Player_6cfb82bb-a33d-4787-bdca-eb5aa94703a8
af9f60e1-29ba-4a3d-a304-7bd01c9ce8ba,Player_af9f60e1-29ba-4a3d-a304-7bd01c9ce8ba
d0303456-362e-4c12-a0ee-573ed6d7260e,Player_d0303456-362e-4c12-a0ee-573ed6d7260e
f63354ac-7f1f-492c-be52-21d50d92e93b,Player_f63354ac-7f1f-492c-be52-21d50d92e93b
3008ac5e-4fb9-4c8e-94fe-7e1273a29c83,Player_3008ac5e-4fb9-4c8e-94fe-7e1273a29c83
7ccf2dca-0ca5-4990-b2ee-25ebb75294bb,Player_7ccf2dca-0ca5-4990-b2ee-25ebb75294bb
97dbe70c-b6cc-4f6f-b985-d915ad1e35b4,Player_97dbe70c-b6cc-4f6f-b985-d915ad1e35b4
5b3da333-aba3-4434-b6b4-de553f0907b5,Player_5b3da333-aba3-4434-b6b4-de553f0907b5
8bb2d3c4-ac78-4d89-9328-0dc4c8f04d51,Player_8bb2d3c4-ac78-4d89-9328-0dc4c8f04d51
4a646275-8696-4871-b6bb-5a7b40f1468e,Player_4a646275-8696-4871-b6bb-5a7b40f1468e
4131da6e-8e6c-4299-80a3-2bbfc34fad05,Player_4131da6e-8e6c-4299-80a3-2bbfc34fad05
257008df-5ef6-4163-88a3-dfec3c17647f,Player_257008df-5ef6-4163-88a3-dfec3c17647f
fecd3694-9b1f-429d-8c6e-d8068128aee0,Player_fecd3694-9b1f-429d-8c6e-d8068128aee0
501c69e1-18dd-4858-91d2-b54f169b0d3e,Player_501c69e1-18dd-4858-91d2-b54f169b0d3e
198f4f7d-7991-4164-bbe8-9f4d1620c107,Player_198f4f7d-7991-4164-bbe8-9f4d1620c107
e38376dc-7640-4168-afec-636dd54eff93,Player_e38376dc-7640-4168-afec-636dd54eff93
d16885da-cf2d-4fbf-9fe9-b2fc01f227b2,Player_d16885da-cf2d-4fbf-9fe9-b2fc01f227b2
822dd189-52fd-4c0d-8057-a63b345d9751,Player_822dd189-52fd-4c0d-8057-a63b345d9751
91f9b4f4-f6dc-452e-9875-de955549ede3,Player_91f9b4f4-f6dc-452e-9875-de955549ede3
fb97134f-ed2e-4b90-a2ca-a0b7c5e28c1c,Player_fb97134f-ed2e-4b90-a2ca-a0b7c5e28c1c
